{"cameraMode":{"drawMode":0,"name":"Shaded","section":"Shading Mode"},"sceneLighting":true,"audioPlay":false,"sceneViewState":{"m_AlwaysRefresh":false,"showFog":true,"showSkybox":true,"showFlares":true,"showImageEffects":true,"showParticleSystems":true,"showVisualEffectGraphs":true,"m_FxEnabled":true},"in2DMode":false,"pivot":{"x":-3.78469181060791,"y":22.324420928955079,"z":14.289934158325196},"rotation":{"x":0.024941863492131234,"y":0.39475759863853457,"z":0.01106076966971159,"w":-0.9185459613800049},"size":11.031855583190918,"orthographic":false}