{"cameraMode":{"drawMode":0,"name":"Shaded","section":"Shading Mode"},"sceneLighting":true,"audioPlay":false,"sceneViewState":{"m_AlwaysRefresh":false,"showFog":true,"showSkybox":true,"showFlares":true,"showImageEffects":true,"showParticleSystems":true,"showVisualEffectGraphs":true,"m_FxEnabled":true},"in2DMode":false,"pivot":{"x":2.7502996921539308,"y":-6.191250801086426,"z":55.9961051940918},"rotation":{"x":0.09614746272563935,"y":0.018199773505330087,"z":-0.001923434087075293,"w":0.9952501058578491},"size":33.2313232421875,"orthographic":false}