{"cameraMode":{"drawMode":0,"name":"Shaded","section":"Shading Mode"},"sceneLighting":true,"audioPlay":false,"sceneViewState":{"m_AlwaysRefresh":false,"showFog":true,"showSkybox":true,"showFlares":true,"showImageEffects":true,"showParticleSystems":true,"showVisualEffectGraphs":true,"m_FxEnabled":true},"in2DMode":false,"pivot":{"x":5.0941972732543949,"y":6.856100559234619,"z":-6.758689880371094},"rotation":{"x":-0.03868778049945831,"y":0.05487699434161186,"z":-0.0015874949749559165,"w":-0.9979251027107239},"size":31.173336029052736,"orthographic":false}